Species	Individual	Position	Major allele	Minor allele	Ratio	Coverage	Bases
SRR2	SRR2920584	310	T	C	0.0241935483871	248	"defaultdict(<type 'int'>	 {'C': 4	 'c': 2	 't': 237	 'T': 5})"
SRR2	SRR2920584	687	G	A	0.00618238021638	647	"defaultdict(<type 'int'>	 {'A': 2	 'a': 2	 'G': 290	 'g': 353})"
SRR2	SRR2920584	2885	T	A	0.00517464424321	773	"defaultdict(<type 'int'>	 {'A': 2	 'a': 2	 'T': 478	 't': 291})"
SRR2	SRR2920584	3106	A	C	0.416666666667	36	"defaultdict(<type 'int'>	 {'A': 10	 'a': 9	 'c': 8	 'C': 7	 't': 1	 'T': 1})"
SRR2	SRR2920584	3239	G	A	0.00892857142857	672	"defaultdict(<type 'int'>	 {'a': 3	 'A': 3	 'g': 283	 'G': 383})"
SRR2	SRR2920584	4706	A	G	0.0123456790123	324	"defaultdict(<type 'int'>	 {'a': 123	 'A': 197	 'g': 2	 'G': 2})"
SRR2	SRR2920584	6363	G	A	0.00738552437223	677	"defaultdict(<type 'int'>	 {'a': 2	 'A': 3	 'G': 406	 'g': 266})"
SRR2	SRR2920584	12815	C	T	0.00500625782228	799	"defaultdict(<type 'int'>	 {'C': 337	 't': 2	 'c': 458	 'T': 2})"
SRR2	SRR2920584	13945	A	G	0.00583941605839	685	"defaultdict(<type 'int'>	 {'A': 244	 'a': 437	 'g': 2	 'G': 2})"
SRR2	SRR2920584	14424	A	T	0.00487804878049	410	"defaultdict(<type 'int'>	 {'a': 352	 'A': 54	 'C': 2	 't': 2})"
SRR2	SRR2920584	14963	G	A	0.00850159404888	941	"defaultdict(<type 'int'>	 {'A': 5	 'a': 3	 'C': 1	 'g': 458	 'G': 474})"
