,RSRS,MHCS,rCRS
73A,yes,,
146T,yes,,
152T,yes,,
195T,yes,,
247G,yes,,
263A,yes,yes,
750A,yes,yes,
769G,yes,,
825T,yes,,
1018G,yes,,
1438A,yes,,
2706A,yes,,
2758G,yes,,
2885T,yes,,
3594C,yes,,
4104A,yes,,
4312C,yes,,
4769A,yes,,
7028C,yes,,
7146A,yes,,
7256C,yes,,
7521G,yes,,
8468C,yes,,
8655C,yes,,
8701A,yes,,
8860A,yes,yes,
9540T,yes,,
10398A,yes,,
10664C,yes,,
10688G,yes,,
10810T,yes,,
10873T,yes,,
10915T,yes,,
11719G,yes,,
11914G,yes,,
12705C,yes,,
13105A,yes,,
13276A,yes,,
13506C,yes,,
13650C,yes,,
14766C,yes,,
15326A,yes,yes,
16129G,yes,,
16187C,yes,,
16189T,yes,,
16223C,yes,,
16230A,yes,,
16278C,yes,,
16311T,yes,,
16519T,yes,yes,
